Stock,MAE,MAPE,MSE,RMSE,R2
AAPL,13.43739835018917,10.360805726821296,273.7049696132668,16.54403123828249,0.8212597457260463
MSFT,25.60690474860607,9.575472158783588,1208.9185209137777,34.7695056179086,0.7846170357764491
GOOGL,15.309979965875293,13.612841132823512,387.9579206381341,19.69664744666295,0.5745597475909945
NVDA,11.264828609768188,33.55336928726621,379.31580123185074,19.476031454889643,0.6840523820334024
META,77.99338791550176,35.855422645044705,9560.104534507469,97.77578705644598,0.2885778223266471
