Model,MAE,MAPE,MSE,RMSE,R2
Random Forest,1.0799777183062726,2.9321737458191897,3.9009647124886593,1.9750860012892248,0.9970621837639316
Decision Tree,0.4535986153702986,2.8480377357322304,0.3790057501710075,0.6156344290006915,0.991863209989056
KNN,1.1378499306314358,3.729916307407392,3.408914393368934,1.8463245633877408,0.9971459251901292
LSTM,1.4426585600628117,4.101254967783022,7.3818392049871635,2.716954030709236,0.9938196390714734
GRU,1.3770839160050805,4.672331750818637,5.21662427609271,2.283993055176112,0.9956324406479912
SVM-SVR,13.43739835018917,10.360805726821296,273.7049696132668,16.54403123828249,0.8212597457260463
ARIMA,20.73311840474364,,631.6002882715449,25.131659083147397,-0.3069851360144724
XG Boost,9.038161997892418,4.814390878562366,142.89925357853465,11.95404758140667,-0.3484561557877024
